SHOP_URL,GOODS_NAME,GOODS_URL,PICTURE_URL,SHOP_NAME,COMPANY_NAME,COMPANY_ADDRESS,GOODS_PRICE
http://wanqiufs.tmall.com,南极人加绒打底裤女外穿踩脚棉裤秋冬季裤袜肉色加厚保暖2017新款,http://detail.tmall.com/item.htm?id=559410600988&skuId=3682950939174&user_id=1842930643&cat_id=50025135&is_b=1&rn=1b76d6926acc085b98236633b60ab7d5,http://img.alicdn.com/bao/uploaded/i2/1842930643/TB1tJvfcdzJ8KJjSspkXXbF7VXa_!!0-item_pic.jpg_b.jpg,晚秋服饰专营店,,,49.90
SHOP_URL,GOODS_NAME,GOODS_URL,PICTURE_URL,SHOP_NAME,COMPANY_NAME,COMPANY_ADDRESS,GOODS_PRICE
http://wanqiufs.tmall.com,南极人加绒打底裤女外穿踩脚棉裤秋冬季裤袜肉色加厚保暖2017新款,http://detail.tmall.com/item.htm?id=559410600988&skuId=3682950939174&user_id=1842930643&cat_id=50025135&is_b=1&rn=6dfca1f8eaca2faf050629bde2a1064e,http://img.alicdn.com/bao/uploaded/i2/1842930643/TB1tJvfcdzJ8KJjSspkXXbF7VXa_!!0-item_pic.jpg_b.jpg,晚秋服饰专营店,,,49.90
SHOP_URL,GOODS_NAME,GOODS_URL,PICTURE_URL,SHOP_NAME,COMPANY_NAME,COMPANY_ADDRESS,GOODS_PRICE
http://wanqiufs.tmall.com,南极人加绒打底裤女外穿踩脚棉裤秋冬季裤袜肉色加厚保暖2017新款,http://detail.tmall.com/item.htm?id=559410600988&skuId=3682950939174&user_id=1842930643&cat_id=50025135&is_b=1&rn=692cfa7c5258e7b9f7e6d6c804880f8a,http://img.alicdn.com/bao/uploaded/i2/1842930643/TB1tJvfcdzJ8KJjSspkXXbF7VXa_!!0-item_pic.jpg_b.jpg,晚秋服饰专营店,,,49.90
SHOP_URL,GOODS_NAME,GOODS_URL,PICTURE_URL,SHOP_NAME,COMPANY_NAME,COMPANY_ADDRESS,GOODS_PRICE
http://wanqiufs.tmall.com,南极人加绒打底裤女外穿踩脚棉裤秋冬季裤袜肉色加厚保暖2017新款,http://detail.tmall.com/item.htm?id=559410600988&skuId=3682950939174&user_id=1842930643&cat_id=50025135&is_b=1&rn=2013fbf413b8ac94404b85dbb9326b41,http://img.alicdn.com/bao/uploaded/i2/1842930643/TB1tJvfcdzJ8KJjSspkXXbF7VXa_!!0-item_pic.jpg_b.jpg,晚秋服饰专营店,,,49.90
SHOP_URL,GOODS_NAME,GOODS_URL,PICTURE_URL,SHOP_NAME,COMPANY_NAME,COMPANY_ADDRESS,GOODS_PRICE
http://wanqiufs.tmall.com,南极人加绒打底裤女外穿踩脚棉裤秋冬季裤袜肉色加厚保暖2017新款,http://detail.tmall.com/item.htm?id=559410600988&skuId=3682950939174&user_id=1842930643&cat_id=50025135&is_b=1&rn=1d22a41578069e60a0aeb45b24398c8c,http://img.alicdn.com/bao/uploaded/i2/1842930643/TB1tJvfcdzJ8KJjSspkXXbF7VXa_!!0-item_pic.jpg_b.jpg,晚秋服饰专营店,,,49.90
SHOP_URL,GOODS_NAME,GOODS_URL,PICTURE_URL,SHOP_NAME,COMPANY_NAME,COMPANY_ADDRESS,GOODS_PRICE
http://wanqiufs.tmall.com,南极人加绒打底裤女外穿踩脚棉裤秋冬季裤袜肉色加厚保暖2017新款,http://detail.tmall.com/item.htm?id=559410600988&skuId=3682950939174&user_id=1842930643&cat_id=50025135&is_b=1&rn=6791cabfca273bac76839cfa1366e8ce,http://img.alicdn.com/bao/uploaded/i2/1842930643/TB1tJvfcdzJ8KJjSspkXXbF7VXa_!!0-item_pic.jpg_b.jpg,晚秋服饰专营店,,,49.90
SHOP_URL,GOODS_NAME,GOODS_URL,PICTURE_URL,SHOP_NAME,COMPANY_NAME,COMPANY_ADDRESS,GOODS_PRICE
http://wanqiufs.tmall.com,南极人加绒打底裤女外穿踩脚棉裤秋冬季裤袜肉色加厚保暖2017新款,http://detail.tmall.com/item.htm?id=559410600988&skuId=3682950939174&user_id=1842930643&cat_id=50025135&is_b=1&rn=92e620da441c9d7b0ab0c9bd515a2535,,晚秋服饰专营店,,,49.90
SHOP_URL,GOODS_NAME,GOODS_URL,PICTURE_URL,SHOP_NAME,COMPANY_NAME,COMPANY_ADDRESS,GOODS_PRICE
http://wanqiufs.tmall.com,南极人加绒打底裤女外穿踩脚棉裤秋冬季裤袜肉色加厚保暖2017新款,http://detail.tmall.com/item.htm?id=559410600988&skuId=3682950939174&user_id=1842930643&cat_id=50025135&is_b=1&rn=faea044fd42b867d735838b9f5f36eeb,http://img.alicdn.com/bao/uploaded/i2/1842930643/TB1tJvfcdzJ8KJjSspkXXbF7VXa_!!0-item_pic.jpg_b.jpg,晚秋服饰专营店,,,49.90
SHOP_URL,GOODS_NAME,GOODS_URL,PICTURE_URL,SHOP_NAME,COMPANY_NAME,COMPANY_ADDRESS,GOODS_PRICE
http://wanqiufs.tmall.com,南极人加绒打底裤女外穿踩脚棉裤秋冬季裤袜肉色加厚保暖2017新款,http://detail.tmall.com/item.htm?id=559410600988&skuId=3682950939174&user_id=1842930643&cat_id=50025135&is_b=1&rn=c6c7f4111eded4bb762e12a9850829ce,http://img.alicdn.com/bao/uploaded/i2/1842930643/TB1tJvfcdzJ8KJjSspkXXbF7VXa_!!0-item_pic.jpg_b.jpg,晚秋服饰专营店,,,49.90
SHOP_URL,GOODS_NAME,GOODS_URL,PICTURE_URL,SHOP_NAME,COMPANY_NAME,COMPANY_ADDRESS,GOODS_PRICE
http://wanqiufs.tmall.com,南极人加绒打底裤女外穿踩脚棉裤秋冬季裤袜肉色加厚保暖2017新款,http://detail.tmall.com/item.htm?id=559410600988&skuId=3682950939174&user_id=1842930643&cat_id=50025135&is_b=1&rn=be02f5a6a8dada40825eef705868bc32,,晚秋服饰专营店,,,49.90
SHOP_URL,GOODS_NAME,GOODS_URL,PICTURE_URL,SHOP_NAME,COMPANY_NAME,COMPANY_ADDRESS,GOODS_PRICE
http://wanqiufs.tmall.com,南极人加绒打底裤女外穿踩脚棉裤秋冬季裤袜肉色加厚保暖2017新款,http://detail.tmall.com/item.htm?id=559410600988&skuId=3682950939174&user_id=1842930643&cat_id=50025135&is_b=1&rn=ea3af727ca5bcdf52ef68a0d1dd812d7,http://img.alicdn.com/bao/uploaded/i2/1842930643/TB1tJvfcdzJ8KJjSspkXXbF7VXa_!!0-item_pic.jpg_b.jpg,晚秋服饰专营店,,,49.90
SHOP_URL,GOODS_NAME,GOODS_URL,PICTURE_URL,SHOP_NAME,COMPANY_NAME,COMPANY_ADDRESS,GOODS_PRICE
http://wanqiufs.tmall.com,南极人加绒打底裤女外穿踩脚棉裤秋冬季裤袜肉色加厚保暖2017新款,http://detail.tmall.com/item.htm?id=559410600988&skuId=3682950939174&user_id=1842930643&cat_id=50025135&is_b=1&rn=f61fe4d466e9c1bf7c0448a6e70fc2b3,http://img.alicdn.com/bao/uploaded/i2/1842930643/TB1tJvfcdzJ8KJjSspkXXbF7VXa_!!0-item_pic.jpg_b.jpg,晚秋服饰专营店,,,49.90
SHOP_URL,GOODS_NAME,GOODS_URL,PICTURE_URL,SHOP_NAME,COMPANY_NAME,COMPANY_ADDRESS,GOODS_PRICE
http://wanqiufs.tmall.com,南极人加绒打底裤女外穿踩脚棉裤秋冬季裤袜肉色加厚保暖2017新款,http://detail.tmall.com/item.htm?id=559410600988&skuId=3682950939174&user_id=1842930643&cat_id=50025135&is_b=1&rn=fea10f2e96732aba4a55a77d01c88119,http://img.alicdn.com/bao/uploaded/i2/1842930643/TB1tJvfcdzJ8KJjSspkXXbF7VXa_!!0-item_pic.jpg_b.jpg,晚秋服饰专营店,,,49.90
